Country,League,Date,Home,Away,FTHG,FTAG,bookmaker,HO_Open,DO_Open,AO_Open,HO_Close,DO_Close,AO_Close,-1_AH_H_Open,-1_AH_H_Close,+1_AH_A_Open,+1_AH_A_Close,-0.75_AH_H_Open,-0.75_AH_H_Close,+0.75_AH_A_Open,+0.75_AH_A_Close,-0.5_AH_H_Open,-0.5_AH_H_Close,+0.5_AH_A_Open,+0.5_AH_A_Close,-0.25_AH_H_Open,-0.25_AH_H_Close,+0.25_AH_A_Open,+0.25_AH_A_Close,+0_AH_H_Open,+0_AH_H_Close,-0_AH_A_Open,-0_AH_A_Close,+0.25_AH_H_Open,+0.25_AH_H_Close,-0.25_AH_A_Open,-0.25_AH_A_Close,+0.5_AH_H_Open,+0.5_AH_H_Close,-0.5_AH_A_Open,-0.5_AH_A_Close,+0.75_AH_H_Open,+0.75_AH_H_Close,-0.75_AH_A_Open,-0.75_AH_A_Close,+1_AH_H_Open,+1_AH_H_Close,-1_AH_A_Open,-1_AH_A_Close,+1.25_AH_H_Open,+1.25_AH_H_Close,-1.25_AH_A_Open,-1.25_AH_A_Close,-1.25_AH_H_Open,-1.25_AH_H_Close,+1.25_AH_A_Open,+1.25_AH_A_Close,-1.75_AH_H_Open,-1.75_AH_H_Close,+1.75_AH_A_Open,+1.75_AH_A_Close,-1.5_AH_H_Open,-1.5_AH_H_Close,+1.5_AH_A_Open,+1.5_AH_A_Close,-2.25_AH_H_Open,-2.25_AH_H_Close,+2.25_AH_A_Open,+2.25_AH_A_Close,-2_AH_H_Open,-2_AH_H_Close,+2_AH_A_Open,+2_AH_A_Close,+1.5_AH_H_Open,+1.5_AH_H_Close,-1.5_AH_A_Open,-1.5_AH_A_Close,-2.5_AH_H_Open,-2.5_AH_H_Close,+2.5_AH_A_Open,+2.5_AH_A_Close
italy,serie-b,2023-08-18,Bari,Palermo,0,0,Pinnacle,2.54,3.23,2.99,2.66,3.05,3.09,4.31,4.66,1.23,1.22,3.08,3.27,1.39,1.37,2.52,2.65,1.56,1.53,2.15,2.23,1.74,1.72,1.79,1.81,2.11,2.11,1.55,1.56,2.54,2.59,1.42,1.42,2.98,3.07,1.29,1.29,3.75,3.89,1.16,1.16,5.57,5.85,,,,,4.63,4.98,1.21,1.20,,,,,,,,,,,,,,,,,,,,,,,,
italy,serie-b,2023-08-19,Cosenza,Ascoli,3,0,Pinnacle,2.82,3.05,2.82,2.75,2.98,3.05,5.22,5.07,1.18,1.20,3.52,3.42,1.32,1.35,2.80,2.73,1.47,1.51,2.37,2.29,1.63,1.69,1.93,1.85,1.93,2.06,1.63,1.57,2.37,2.55,1.47,1.43,2.80,3.04,1.32,1.29,3.52,3.87,1.18,1.16,5.21,5.92,,,,,,,,,,,,,,,,,,,,,,,,,,,,,,,,
italy,serie-b,2023-08-19,Ternana,Sampdoria,1,2,Pinnacle,3.96,3.57,1.97,3.15,3.27,2.47,,,,,4.40,3.98,1.23,1.28,3.91,3.11,1.27,1.40,3.41,2.67,1.33,1.53,2.91,2.21,1.44,1.73,2.22,1.82,1.70,2.11,1.90,1.61,1.97,2.46,1.67,1.44,2.27,2.98,1.45,1.27,2.86,4.04,1.36,1.23,3.27,4.55,,,,,,,,,,,,,,,,,,,,,,,,,,,,
italy,serie-b,2023-08-19,Cremonese,Catanzaro,0,0,Pinnacle,1.78,3.84,4.56,2.05,3.45,3.98,2.41,3.00,1.60,1.44,2.01,2.37,1.86,1.65,1.77,2.05,2.11,1.86,1.55,1.76,2.53,2.17,1.33,1.47,3.43,2.86,1.27,1.35,3.96,3.39,1.21,1.28,4.73,3.93,,,,,,,,,,,,,2.78,3.40,1.47,1.35,,,,,3.14,3.82,1.38,1.30,,,,,,,,,,,,,,,,
italy,serie-b,2023-08-20,Cittadella,Reggiana,1,0,Pinnacle,2.36,3.18,3.33,2.03,3.28,4.30,3.93,3.14,1.27,1.41,2.86,2.39,1.45,1.64,2.35,2.03,1.63,1.88,2.01,1.72,1.87,2.22,1.64,1.43,2.33,3.04,1.46,1.32,2.82,3.63,1.35,1.26,3.29,4.24,,,,,,,,,,,,,4.46,3.62,1.22,1.32,,,,,4.23,4.11,1.26,1.27,,,,,,,,,,,,,,,,
italy,serie-b,2023-08-20,Venezia,Como,3,0,Pinnacle,2.21,3.34,3.48,2.21,3.36,3.60,3.47,3.38,1.33,1.35,2.62,2.60,1.52,1.55,2.20,2.20,1.71,1.74,1.89,1.88,1.98,2.02,1.57,1.56,2.49,2.57,1.42,1.42,2.98,3.08,1.33,1.33,3.44,3.56,1.22,1.22,4.48,4.64,,,,,,,,,3.95,3.85,1.27,1.29,,,,,,,,,,,,,,,,,,,,,,,,
italy,serie-b,2023-08-20,Parma,FeralpiSalo,2,0,Pinnacle,1.73,3.61,5.33,1.56,3.97,7.17,2.38,2.01,1.61,1.90,1.96,1.71,1.91,2.24,1.72,1.56,2.18,2.59,1.50,1.36,2.70,3.33,1.27,1.18,3.93,5.40,,,,,,,,,,,,,,,,,,,,,2.80,2.37,1.47,1.65,4.06,3.36,1.26,1.36,3.19,2.73,1.37,1.51,,,,,4.67,4.74,1.22,1.22,,,,,,,,
italy,serie-b,2023-08-20,Sudtirol,Spezia,3,3,Pinnacle,3.60,3.16,2.25,3.62,3.02,2.38,,,,,4.71,4.77,1.21,1.22,3.55,3.57,1.31,1.33,3.05,3.03,1.41,1.43,2.52,2.45,1.56,1.61,1.96,1.91,1.91,2.00,1.69,1.65,2.24,2.37,1.50,1.46,2.70,2.91,1.30,1.27,3.67,4.06,1.24,1.22,4.19,4.63,,,,,,,,,,,,,,,,,,,,,,,,,,,,
italy,serie-b,2023-08-25,Sampdoria,Pisa,0,2,Pinnacle,1.75,3.75,4.92,2.28,3.06,3.79,2.38,3.75,1.62,1.30,1.97,2.75,1.89,1.50,1.74,2.27,2.15,1.69,1.52,1.93,2.62,1.98,1.30,1.55,3.67,2.59,1.24,1.40,4.26,3.19,1.27,1.30,4.04,3.75,1.18,1.20,5.42,4.99,,,,,,,,,2.76,4.28,1.48,1.25,,,,,3.13,4.36,1.38,1.24,,,,,,,,,,,,,,,,
italy,serie-b,2023-08-26,Venezia,Cosenza,1,1,Pinnacle,1.81,3.67,4.83,1.78,3.70,5.08,2.50,2.43,1.59,1.62,2.03,2.01,1.85,1.89,1.79,1.77,2.12,2.16,1.56,1.54,2.57,2.64,1.33,1.30,3.56,3.74,1.26,1.24,4.16,4.37,,,,,,,,,,,,,,,,,2.91,2.83,1.46,1.48,4.19,4.05,1.26,1.27,3.29,3.21,1.37,1.38,,,,,,,,,,,,,,,,
italy,serie-b,2023-08-26,Parma,Cittadella,2,0,Pinnacle,1.98,3.42,4.24,2.06,3.14,4.47,2.94,3.21,1.45,1.39,2.30,2.43,1.68,1.62,1.96,2.06,1.91,1.85,1.69,1.73,2.27,2.21,1.42,1.42,3.06,3.09,1.32,1.30,3.61,3.74,1.26,1.24,4.18,4.40,,,,,,,,,,,,,3.38,3.70,1.35,1.31,,,,,3.83,4.19,1.29,1.26,,,,,,,,,,,,,,,,
italy,serie-b,2023-08-26,Modena,Ascoli,1,0,Pinnacle,2.06,3.40,3.94,1.82,3.53,5.06,3.12,2.56,1.41,1.56,2.41,2.08,1.63,1.84,2.04,1.81,1.84,2.09,1.76,1.56,2.16,2.56,1.48,1.31,2.84,3.66,1.36,1.25,3.36,4.33,1.29,1.21,3.89,4.85,,,,,,,,,,,,,3.57,2.99,1.33,1.44,4.34,4.34,1.25,1.25,4.03,3.39,1.27,1.35,,,,,,,,,,,,,,,,
italy,serie-b,2023-08-26,FeralpiSalo,Sudtirol,0,2,Pinnacle,2.64,3.12,3.00,2.48,2.89,3.59,5.17,4.37,1.18,1.24,3.53,3.06,1.32,1.42,2.82,2.47,1.46,1.60,2.40,2.06,1.61,1.85,1.97,1.64,1.89,2.38,1.65,1.44,2.30,2.98,1.49,1.33,2.71,3.55,1.34,1.22,3.37,4.72,,,,,,,,,5.18,4.97,1.19,1.20,,,,,,,,,,,,,,,,,,,,,,,,
italy,serie-b,2023-08-26,Cremonese,Bari,0,1,Pinnacle,2.08,3.39,3.79,1.95,3.38,4.52,3.18,2.93,1.38,1.45,2.44,2.27,1.59,1.70,2.08,1.95,1.81,1.95,1.78,1.66,2.10,2.33,1.49,1.39,2.73,3.24,1.36,1.29,3.23,3.84,1.29,1.24,3.74,4.45,,,,,,,,,,,,,3.63,3.39,1.30,1.35,,,,,4.08,3.87,1.25,1.29,,,,,,,,,,,,,,,,
italy,serie-b,2023-08-26,Como,Reggiana,2,2,Pinnacle,1.91,3.49,4.35,2.16,3.37,3.71,2.76,3.27,1.48,1.37,2.19,2.54,1.71,1.57,1.91,2.15,1.96,1.77,1.64,1.85,2.34,2.06,1.38,1.53,3.18,2.65,1.29,1.40,3.73,3.17,1.24,1.31,4.29,3.67,1.24,1.21,4.35,4.80,,,,,,,,,3.18,3.72,1.37,1.31,,,,,,,,,,,,,,,,,,,,,,,,
italy,serie-b,2023-08-27,Catanzaro,Ternana,2,1,Pinnacle,2.23,3.46,3.31,2.24,3.23,3.67,3.50,3.51,1.32,1.34,2.65,2.66,1.51,1.53,2.22,2.23,1.70,1.72,1.93,1.91,1.94,2.00,1.61,1.56,2.40,2.57,1.45,1.41,2.85,3.11,1.36,1.32,3.27,3.63,1.24,1.22,4.22,4.77,,,,,,,,,3.98,3.99,1.26,1.28,,,,,,,,,,,,,,,,,,,,,,,,
italy,serie-b,2023-08-29,Reggiana,Palermo,1,3,Pinnacle,3.50,3.26,2.24,3.31,3.29,2.38,5.90,5.80,1.16,1.16,4.54,4.21,1.22,1.26,3.46,3.27,1.33,1.37,2.99,2.81,1.42,1.49,2.48,2.33,1.57,1.67,1.96,1.88,1.91,2.03,1.69,1.65,2.23,2.36,1.50,1.47,2.68,2.86,1.31,1.29,3.61,3.87,1.25,1.24,4.12,4.38,,,,,,,,,,,,,,,,,,,,,,,,,,,,
italy,serie-b,2023-08-29,Pisa,Parma,1,2,Pinnacle,2.36,3.22,3.29,2.70,3.03,3.06,3.85,4.89,1.28,1.21,2.84,3.35,1.46,1.36,2.34,2.68,1.63,1.52,2.01,2.26,1.87,1.70,1.65,1.83,2.31,2.09,1.47,1.56,2.80,2.56,1.36,1.43,3.25,3.05,1.24,1.29,4.21,3.88,1.18,1.16,5.14,5.94,,,,,,,,,,,,,,,,,,,,,,,,,,,,,,,,
italy,serie-b,2023-08-29,Cosenza,Modena,1,2,Pinnacle,2.64,3.22,2.92,2.76,3.12,2.90,4.58,4.93,1.23,1.21,3.23,3.41,1.38,1.35,2.63,2.74,1.54,1.51,2.24,2.32,1.71,1.67,1.84,1.90,2.04,2.00,1.60,1.61,2.48,2.44,1.46,1.46,2.91,2.89,1.32,1.32,3.65,3.63,1.18,1.18,5.36,5.35,,,,,,,,,,,,,,,,,,,,,,,,,,,,,,,,
italy,serie-b,2023-08-29,Ascoli,FeralpiSalo,3,0,Pinnacle,1.85,3.51,4.78,2.49,3.07,3.34,2.60,4.30,1.53,1.25,2.10,3.05,1.78,1.43,1.83,2.48,2.04,1.60,1.58,2.10,2.46,1.83,1.34,1.69,3.45,2.28,1.26,1.49,4.04,2.80,1.21,1.37,4.63,3.30,1.19,1.25,5.22,4.34,,,,,,,,,3.01,4.88,1.41,1.21,,,,,,,,,,,,,,,,,,,,,,,,
italy,serie-b,2023-08-30,Bari,Cittadella,1,1,Pinnacle,2.34,3.10,3.54,2.55,2.96,3.36,3.94,4.58,1.28,1.23,2.84,3.16,1.48,1.40,2.33,2.54,1.67,1.57,1.96,2.13,1.91,1.80,1.61,1.70,2.45,2.26,1.44,1.49,2.99,2.80,1.34,1.36,3.50,3.32,1.22,1.24,4.64,4.38,,,,,,,,,4.50,5.20,1.23,1.19,,,,,,,,,,,,,,,,,,,,,,,,
italy,serie-b,2023-08-30,Sampdoria,Venezia,1,2,Pinnacle,2.08,3.51,3.66,2.43,3.33,3.17,3.12,3.98,1.39,1.28,2.43,2.93,1.60,1.45,2.08,2.42,1.81,1.63,1.79,2.08,2.09,1.84,1.51,1.71,2.67,2.24,1.38,1.52,3.14,2.70,1.30,1.40,3.62,3.13,1.26,1.28,4.06,4.01,,,,,,,,,3.54,4.49,1.31,1.23,,,,,,,,,,,,,,,,,,,,,,,,
italy,serie-b,2023-08-30,Ternana,Cremonese,0,1,Pinnacle,3.25,3.27,2.35,3.05,3.36,2.49,,,,,4.13,3.82,1.25,1.30,3.21,3.02,1.37,1.42,2.77,2.60,1.48,1.55,2.30,2.16,1.66,1.76,1.86,1.80,2.01,2.13,1.63,1.60,2.34,2.48,1.46,1.43,2.84,3.02,1.28,1.27,3.84,4.12,1.23,1.22,4.35,4.64,,,,,,,,,,,,,,,,,,,,,,,,,,,,
italy,serie-b,2023-08-30,Catanzaro,Spezia,3,0,Pinnacle,3.45,3.34,2.22,2.85,3.34,2.65,5.35,5.08,1.18,1.20,4.43,3.52,1.23,1.33,3.41,2.83,1.33,1.48,2.95,2.43,1.43,1.62,2.46,2.03,1.58,1.88,1.96,1.70,1.91,2.26,1.70,1.54,2.21,2.64,1.51,1.38,2.65,3.24,1.32,1.23,3.52,4.58,1.26,1.23,4.00,4.62,,,,,,,,,,,,,,,,,,,,,,,,,,,,
italy,serie-b,2023-09-02,Sudtirol,Ascoli,3,1,Pinnacle,2.24,3.16,3.71,2.40,2.85,3.85,3.65,4.21,1.32,1.26,2.69,2.95,1.52,1.45,2.23,2.39,1.72,1.64,1.88,1.99,1.99,1.92,1.56,1.57,2.59,2.54,1.41,1.40,3.14,3.19,1.31,1.30,3.67,3.80,1.21,1.19,4.90,5.16,,,,,,,,,4.18,4.82,1.26,1.21,,,,,,,,,,,,,,,,,,,,,,,,
italy,serie-b,2023-09-02,Parma,Reggiana,0,0,Pinnacle,1.63,3.93,5.78,1.94,3.33,4.67,2.11,2.85,1.77,1.47,1.81,2.24,2.09,1.71,1.62,1.94,2.38,1.96,1.42,1.65,2.98,2.36,1.23,1.37,4.38,3.32,1.19,1.28,5.03,3.96,1.22,1.23,4.71,4.60,,,,,,,,,,,,,2.48,3.28,1.57,1.37,,,,,2.82,3.73,1.45,1.31,,,,,,,,,,,,,,,,
italy,serie-b,2023-09-02,Palermo,FeralpiSalo,3,0,Pinnacle,1.73,3.80,4.99,1.55,4.10,7.07,2.35,1.97,1.63,1.93,1.95,1.69,1.92,2.28,1.72,1.54,2.19,2.63,1.51,1.36,2.67,3.37,1.29,1.18,3.74,5.37,1.23,1.18,4.33,5.35,,,,,,,,,,,,,,,,,2.74,2.32,1.49,1.67,3.93,3.26,1.27,1.37,3.11,2.67,1.39,1.53,,,,,4.91,4.53,1.21,1.23,,,,,,,,
italy,serie-b,2023-09-02,Modena,Pisa,2,0,Pinnacle,2.37,3.27,3.21,2.37,3.10,3.55,3.90,3.84,1.27,1.29,2.87,2.85,1.45,1.48,2.36,2.35,1.63,1.65,2.03,2.00,1.85,1.91,1.67,1.62,2.27,2.43,1.49,1.44,2.73,2.98,1.37,1.34,3.17,3.50,1.25,1.23,4.08,4.60,,,,,,,,,4.42,4.36,1.23,1.25,,,,,,,,,,,,,,,,,,,,,,,,
italy,serie-b,2023-09-03,Ternana,Bari,0,0,Pinnacle,2.66,3.21,2.85,2.45,3.03,3.46,4.68,4.18,1.21,1.26,3.27,2.99,1.36,1.44,2.65,2.44,1.51,1.61,2.26,2.06,1.68,1.85,1.87,1.66,2.00,2.35,1.60,1.46,2.42,2.90,1.46,1.35,2.83,3.42,1.31,1.24,3.55,4.48,,,,,,,,,4.92,4.74,1.21,1.22,,,,,,,,,,,,,,,,,,,,,,,,
italy,serie-b,2023-09-03,Spezia,Como,0,1,Pinnacle,1.59,4.15,6.00,2.11,3.26,4.04,2.00,3.14,1.88,1.41,1.74,2.46,2.20,1.61,1.58,2.11,2.51,1.82,1.40,1.79,3.12,2.13,1.23,1.48,4.61,2.84,1.18,1.35,5.32,3.41,1.20,1.28,5.05,3.98,,,,,,,,,,,,,2.35,3.56,1.66,1.33,,,,,2.68,3.99,1.52,1.28,,,,,,,,,,,,,,,,
italy,serie-b,2023-09-03,Lecco,Catanzaro,3,4,Pinnacle,2.51,3.26,3.07,4.04,3.32,2.08,,,,,3.05,5.15,1.43,1.19,2.49,3.99,1.59,1.28,2.12,3.42,1.78,1.35,1.76,2.86,2.17,1.47,1.55,2.15,2.61,1.77,1.42,1.83,3.04,2.08,1.29,1.61,3.86,2.44,1.27,1.40,3.97,3.17,1.23,1.32,4.48,3.62,,,,,,,,,,,,,,,,,,,,,1.26,1.27,4.15,4.08,,,,
italy,serie-b,2023-09-03,Cremonese,Sampdoria,1,1,Pinnacle,2.05,3.47,3.79,2.05,3.35,4.13,3.08,3.09,1.40,1.42,2.39,2.39,1.61,1.64,2.05,2.05,1.83,1.86,1.76,1.74,2.13,2.19,1.48,1.45,2.75,2.94,1.36,1.34,3.25,3.51,1.29,1.27,3.74,4.08,,,,,,,,,,,,,3.51,3.54,1.32,1.33,,,,,3.95,4.00,1.27,1.28,,,,,,,,,,,,,,,,
italy,serie-b,2023-09-03,Cittadella,Venezia,0,0,Pinnacle,2.60,3.25,2.89,2.75,3.12,2.91,4.50,4.93,1.22,1.21,3.18,3.40,1.37,1.35,2.58,2.74,1.53,1.51,2.21,2.31,1.71,1.68,1.83,1.90,2.05,2.01,1.58,1.61,2.46,2.45,1.45,1.46,2.88,2.90,1.31,1.32,3.61,3.65,1.17,1.18,5.32,5.46,,,,,,,,,,,,,,,,,,,,,,,,,,,,,,,,
italy,serie-b,2023-09-03,Brescia,Cosenza,1,0,Pinnacle,2.03,3.32,4.18,2.35,3.13,3.54,3.09,3.86,1.42,1.29,2.38,2.83,1.65,1.48,2.01,2.34,1.86,1.66,1.73,1.99,2.22,1.92,1.44,1.61,2.98,2.44,1.33,1.44,3.55,2.99,1.27,1.34,4.12,3.50,1.19,1.23,5.13,4.62,,,,,,,,,3.56,4.38,1.33,1.24,,,,,,,,,,,,,,,,,,,,,,,,
italy,serie-b,2023-09-15,Venezia,Spezia,1,0,Pinnacle,2.16,3.64,3.32,2.33,3.41,3.26,3.21,3.68,1.37,1.31,2.52,2.78,1.56,1.49,2.15,2.32,1.75,1.67,1.88,2.00,2.00,1.90,1.58,1.67,2.45,2.33,1.45,1.49,2.88,2.79,1.35,1.38,3.28,3.22,1.25,1.27,4.17,4.10,,,,,,,,,3.64,4.16,1.30,1.26,,,,,,,,,,,,,,,,,,,,,,,,
italy,serie-b,2023-09-16,Ascoli,Palermo,0,1,Pinnacle,2.72,3.20,2.84,3.38,3.25,2.36,,,,,3.35,4.34,1.36,1.25,2.71,3.34,1.52,1.36,2.31,2.87,1.68,1.47,1.89,2.37,1.98,1.65,1.63,1.90,2.41,2.01,1.48,1.66,2.83,2.35,1.33,1.48,3.53,2.84,1.19,1.29,5.14,3.83,1.21,1.25,4.68,4.34,,,,,,,,,,,,,,,,,,,,,,,,,,,,
italy,serie-b,2023-09-16,Cosenza,Sudtirol,2,2,Pinnacle,2.32,3.09,3.61,2.21,3.05,4.05,3.90,3.66,1.29,1.32,2.82,2.66,1.48,1.53,2.31,2.20,1.68,1.74,1.94,1.85,1.93,2.06,1.60,1.50,2.49,2.77,1.43,1.36,3.04,3.40,1.33,1.28,3.56,3.99,1.22,1.18,4.75,5.45,,,,,,,,,4.47,4.22,1.24,1.26,,,,,,,,,,,,,,,,,,,,,,,,
italy,serie-b,2023-09-16,FeralpiSalo,Modena,1,1,Pinnacle,3.35,3.31,2.32,3.78,3.04,2.30,,,,,4.29,4.99,1.25,1.20,3.31,3.73,1.37,1.31,2.86,3.17,1.47,1.40,2.38,2.58,1.64,1.56,1.90,1.97,1.96,1.93,1.68,1.68,2.31,2.29,1.50,1.50,2.78,2.77,1.31,1.30,3.73,3.78,1.26,1.25,4.23,4.31,,,,,,,,,,,,,,,,,,,,,,,,,,,,
italy,serie-b,2023-09-16,Lecco,Brescia,0,2,Pinnacle,2.75,3.18,2.83,3.33,3.12,2.46,,,,,3.39,4.27,1.35,1.25,2.74,3.29,1.51,1.37,2.33,2.80,1.67,1.49,1.91,2.29,1.96,1.68,1.63,1.84,2.40,2.08,1.48,1.61,2.81,2.45,1.34,1.44,3.51,2.99,1.20,1.26,5.11,4.13,1.22,1.22,4.78,4.68,,,,,,,,,,,,,,,,,,,,,,,,,,,,
italy,serie-b,2023-09-16,Pisa,Bari,1,1,Pinnacle,2.11,3.21,4.04,2.33,2.90,3.94,3.34,3.88,1.37,1.29,2.50,2.82,1.59,1.48,2.09,2.32,1.79,1.67,1.79,1.93,2.13,1.96,1.48,1.54,2.84,2.63,1.35,1.38,3.41,3.28,1.28,1.29,3.99,3.89,1.19,1.19,5.02,5.26,,,,,,,,,3.83,4.43,1.29,1.24,,,,,,,,,,,,,,,,,,,,,,,,
italy,serie-b,2023-09-16,Reggiana,Cremonese,2,2,Pinnacle,3.02,3.09,2.66,3.12,3.20,2.53,,,,,3.82,3.94,1.30,1.28,3.00,3.08,1.44,1.41,2.54,2.64,1.57,1.54,2.07,2.17,1.82,1.76,1.72,1.79,2.24,2.15,1.54,1.58,2.64,2.52,1.37,1.42,3.28,3.08,1.22,1.26,4.75,4.23,1.21,1.22,4.68,4.75,,,,,,,,,,,,,,,,,,,,,,,,,,,,
italy,serie-b,2023-09-17,Como,Ternana,2,1,Pinnacle,1.97,3.65,3.98,2.19,3.28,3.75,2.83,3.38,1.48,1.35,2.27,2.59,1.70,1.56,1.95,2.18,1.92,1.75,1.71,1.87,2.26,2.05,1.45,1.54,2.94,2.64,1.35,1.40,3.43,3.19,1.28,1.31,3.92,3.70,1.21,1.21,4.76,4.88,,,,,,,,,3.23,3.85,1.38,1.29,,,,,,,,,,,,,,,,,,,,,,,,
italy,serie-b,2023-09-17,Catanzaro,Parma,0,5,Pinnacle,2.78,3.10,2.86,2.44,3.30,3.18,5.00,3.97,1.19,1.28,3.42,2.94,1.33,1.45,2.74,2.43,1.48,1.62,2.32,2.08,1.65,1.83,1.91,1.72,1.96,2.24,1.61,1.52,2.39,2.70,1.46,1.40,2.82,3.14,1.32,1.28,3.54,4.00,,,,,,,,,4.80,4.47,1.21,1.24,,,,,,,,,,,,,,,,,,,,,,,,
italy,serie-b,2023-09-18,Sampdoria,Cittadella,1,2,Pinnacle,1.90,3.70,4.11,2.31,3.20,3.54,2.71,3.73,1.50,1.31,2.17,2.77,1.73,1.50,1.90,2.30,1.97,1.68,1.65,1.96,2.32,1.94,1.40,1.60,3.06,2.47,1.31,1.44,3.55,3.00,1.26,1.34,4.05,3.50,1.21,1.23,4.76,4.58,,,,,,,,,3.11,4.24,1.39,1.25,,,,,,,,,,,,,,,,,,,,,,,,
italy,serie-b,2023-09-22,Palermo,Cosenza,0,1,Pinnacle,1.68,3.94,5.20,1.74,3.68,5.50,2.21,2.34,1.70,1.66,1.87,1.95,2.00,1.95,1.67,1.72,2.28,2.22,1.47,1.50,2.79,2.76,1.27,1.27,3.94,4.04,1.22,1.22,4.53,4.72,,,,,,,,,,,,,,,,,2.58,2.73,1.53,1.51,3.64,3.88,1.30,1.29,2.93,3.10,1.42,1.41,,,,,,,,,,,,,,,,
italy,serie-b,2023-09-23,Ternana,Sudtirol,1,1,Pinnacle,2.02,3.42,4.06,2.07,3.17,4.35,3.03,3.22,1.43,1.39,2.36,2.44,1.65,1.61,2.00,2.07,1.87,1.85,1.74,1.75,2.21,2.19,1.45,1.43,2.93,3.03,1.34,1.32,3.46,3.65,1.28,1.25,4.00,4.29,1.21,1.18,4.65,5.57,,,,,,,,,3.48,3.70,1.34,1.31,,,,,3.93,4.19,1.28,1.26,,,,,,,,,,,,,,,,
italy,serie-b,2023-09-23,Spezia,Reggiana,1,2,Pinnacle,1.91,3.58,4.18,1.81,3.67,4.85,2.75,2.51,1.48,1.58,2.20,2.06,1.71,1.85,1.91,1.81,1.95,2.10,1.65,1.57,2.31,2.55,1.40,1.33,3.08,3.56,1.31,1.26,3.60,4.17,,,,,,,,,,,,,,,,,3.16,2.92,1.38,1.46,4.17,4.20,1.25,1.26,3.58,3.30,1.31,1.37,,,,,,,,,,,,,,,,
italy,serie-b,2023-09-23,Modena,Lecco,0,0,Pinnacle,1.58,4.00,6.23,1.56,4.03,6.95,2.03,1.98,1.85,1.93,1.74,1.71,2.16,2.25,1.57,1.56,2.48,2.58,1.38,1.37,3.12,3.30,1.20,1.19,4.75,5.26,,,,,,,,,,,,,,,,,,,,,2.38,2.31,1.62,1.68,3.35,3.21,1.34,1.38,2.73,2.65,1.49,1.53,,,,,4.70,4.37,1.21,1.24,,,,,,,,
italy,serie-b,2023-09-23,FeralpiSalo,Pisa,0,1,Pinnacle,3.07,3.22,2.49,3.16,3.07,2.60,5.95,6.42,1.16,1.14,3.87,4.06,1.28,1.27,3.03,3.14,1.40,1.41,2.60,2.65,1.53,1.53,2.15,2.17,1.74,1.78,1.78,1.75,2.12,2.18,1.57,1.56,2.48,2.58,1.41,1.38,3.04,3.22,1.24,1.22,4.21,4.76,,,,,,,,,,,,,,,,,,,,,,,,,,,,,,,,
italy,serie-b,2023-09-23,Cremonese,Ascoli,2,2,Pinnacle,1.73,3.76,5.06,1.63,3.91,6.28,2.34,2.11,1.63,1.81,1.95,1.79,1.92,2.12,1.72,1.62,2.19,2.44,1.50,1.41,2.68,3.07,1.29,1.22,3.78,4.71,1.23,1.18,4.38,5.35,,,,,,,,,,,,,,,,,2.73,2.47,1.49,1.60,3.91,3.49,1.27,1.34,3.10,2.83,1.39,1.48,,,,,4.95,4.93,1.20,1.21,,,,,,,,
italy,serie-b,2023-09-23,Brescia,Venezia,0,0,Pinnacle,2.51,3.23,3.09,3.43,3.24,2.34,,,,,3.06,4.41,1.42,1.24,2.50,3.39,1.59,1.35,2.12,2.91,1.78,1.46,1.76,2.40,2.17,1.63,1.54,1.92,2.62,1.99,1.41,1.67,3.05,2.33,1.29,1.48,3.90,2.82,1.20,1.29,4.84,3.84,1.20,1.24,4.86,4.37,,,,,,,,,,,,,,,,,,,,,,,,,,,,
italy,serie-b,2023-09-24,Parma,Sampdoria,1,1,Pinnacle,2.05,3.44,3.94,2.02,3.36,4.23,3.07,3.01,1.42,1.43,2.39,2.35,1.64,1.66,2.03,2.02,1.85,1.88,1.76,1.72,2.18,2.23,1.47,1.43,2.85,3.02,1.36,1.32,3.36,3.59,1.29,1.26,3.88,4.17,,,,,,,,,,,,,3.51,3.45,1.34,1.34,,,,,3.96,3.90,1.28,1.29,,,,,,,,,,,,,,,,
italy,serie-b,2023-09-24,Cittadella,Como,0,3,Pinnacle,2.22,3.33,3.46,2.43,2.97,3.59,3.50,4.16,1.32,1.26,2.64,2.97,1.52,1.44,2.21,2.42,1.70,1.63,1.90,2.03,1.97,1.88,1.58,1.63,2.47,2.41,1.43,1.44,2.96,2.99,1.33,1.33,3.42,3.54,1.22,1.22,4.46,4.71,,,,,,,,,3.98,4.73,1.26,1.22,,,,,,,,,,,,,,,,,,,,,,,,
italy,serie-b,2023-09-24,Bari,Catanzaro,2,2,Pinnacle,2.19,3.22,3.68,2.30,3.18,3.58,3.52,3.76,1.32,1.30,2.62,2.77,1.52,1.50,2.18,2.29,1.72,1.68,1.86,1.95,2.01,1.95,1.53,1.60,2.59,2.49,1.39,1.43,3.13,3.02,1.30,1.33,3.63,3.53,1.20,1.22,4.83,4.67,,,,,,,,,4.04,4.28,1.26,1.25,,,,,,,,,,,,,,,,,,,,,,,,
italy,serie-b,2023-09-26,Ascoli,Ternana,2,0,Pinnacle,2.54,3.30,2.99,2.41,3.15,3.39,4.24,4.03,1.25,1.27,3.07,2.93,1.41,1.45,2.53,2.40,1.58,1.63,2.16,2.04,1.76,1.87,1.78,1.66,2.11,2.34,1.57,1.47,2.55,2.86,1.44,1.36,2.97,3.35,1.31,1.25,3.73,4.35,,,,,,,,,4.32,4.58,1.23,1.23,,,,,,,,,,,,,,,,,,,,,,,,
italy,serie-b,2023-09-26,Lecco,FeralpiSalo,1,2,Pinnacle,2.32,3.15,3.44,2.51,3.11,3.25,3.86,4.28,1.28,1.25,2.81,3.07,1.47,1.42,2.31,2.50,1.65,1.59,1.97,2.12,1.90,1.81,1.61,1.72,2.40,2.23,1.44,1.51,2.92,2.74,1.34,1.38,3.40,3.21,1.22,1.26,4.47,4.17,,,,,,,,,4.40,4.83,1.23,1.21,,,,,,,,,,,,,,,,,,,,,,,,
italy,serie-b,2023-09-26,Cosenza,Cremonese,1,2,Pinnacle,3.16,3.30,2.39,3.60,3.28,2.25,,,,,4.00,4.61,1.26,1.23,3.13,3.55,1.38,1.33,2.70,3.06,1.50,1.43,2.24,2.53,1.68,1.58,1.84,1.99,2.04,1.92,1.62,1.71,2.37,2.24,1.45,1.53,2.88,2.67,1.27,1.33,3.91,3.52,1.23,1.28,4.42,4.01,,,,,,,,,,,,,,,,,,,,,,,,,,,,
italy,serie-b,2023-09-26,Spezia,Brescia,0,0,Pinnacle,1.86,3.65,4.51,1.83,3.58,4.89,2.62,2.61,1.55,1.55,2.12,2.09,1.79,1.81,1.85,1.83,2.03,2.09,1.61,1.58,2.45,2.53,1.37,1.33,3.33,3.58,1.29,1.26,3.88,4.19,1.24,1.21,4.44,4.81,,,,,,,,,,,,,3.01,3.03,1.42,1.42,4.14,4.44,1.26,1.24,3.42,3.46,1.35,1.34,,,,,,,,,,,,,,,,
italy,serie-b,2023-09-26,Sudtirol,Modena,0,0,Pinnacle,2.79,3.10,2.80,2.86,2.80,3.11,5.16,5.47,1.18,1.18,3.48,3.61,1.32,1.32,2.78,2.85,1.47,1.47,2.35,2.36,1.63,1.65,1.93,1.87,1.93,2.04,1.63,1.56,2.36,2.57,1.47,1.42,2.79,3.10,1.32,1.28,3.50,3.96,1.18,1.15,5.19,6.08,,,,,,,,,,,,,,,,,,,,,,,,,,,,,,,,
italy,serie-b,2023-09-26,Venezia,Palermo,1,3,Pinnacle,2.24,3.46,3.37,2.49,3.25,3.14,3.45,4.07,1.34,1.27,2.65,3.00,1.53,1.44,2.23,2.48,1.72,1.60,1.92,2.12,1.95,1.81,1.61,1.74,2.44,2.20,1.46,1.53,2.90,2.67,1.36,1.40,3.33,3.11,1.25,1.28,4.28,3.96,1.17,1.18,5.42,5.50,,,,,3.91,4.57,1.29,1.23,,,,,,,,,,,,,,,,,,,,,,,,
italy,serie-b,2023-09-26,Reggiana,Pisa,0,0,Pinnacle,2.76,3.10,2.88,2.33,3.08,3.64,5.03,3.79,1.20,1.30,3.43,2.80,1.35,1.49,2.75,2.32,1.50,1.67,2.33,1.96,1.67,1.94,1.89,1.59,1.97,2.50,1.62,1.42,2.43,3.06,1.47,1.32,2.87,3.60,1.32,1.22,3.61,4.77,,,,,,,,,4.86,4.31,1.21,1.25,,,,,,,,,,,,,,,,,,,,,,,,
italy,serie-b,2023-09-27,Parma,Bari,2,1,Pinnacle,2.00,3.45,4.12,2.01,3.27,4.41,2.96,3.03,1.45,1.43,2.32,2.35,1.67,1.66,1.98,2.01,1.89,1.89,1.71,1.71,2.24,2.25,1.44,1.41,2.98,3.11,1.33,1.31,3.52,3.73,1.27,1.25,4.06,4.35,,,,,,,,,,,,,3.40,3.48,1.35,1.34,,,,,3.84,3.94,1.29,1.28,,,,,,,,,,,,,,,,
italy,serie-b,2023-09-27,Como,Sampdoria,1,0,Pinnacle,2.52,3.31,2.94,2.29,3.26,3.51,4.21,3.59,1.24,1.32,3.05,2.73,1.40,1.51,2.51,2.28,1.56,1.69,2.15,1.95,1.75,1.95,1.79,1.60,2.10,2.46,1.56,1.44,2.51,2.98,1.43,1.34,2.93,3.47,1.30,1.23,3.67,4.51,,,,,,,,,4.27,4.07,1.25,1.27,,,,,,,,,,,,,,,,,,,,,,,,
italy,serie-b,2023-09-27,Catanzaro,Cittadella,1,1,Pinnacle,2.11,3.42,3.77,2.29,3.16,3.63,3.20,3.67,1.40,1.31,2.47,2.74,1.60,1.51,2.09,2.28,1.80,1.69,1.80,1.94,2.11,1.96,1.51,1.58,2.72,2.52,1.38,1.42,3.22,3.07,1.31,1.32,3.72,3.59,1.22,1.22,4.50,4.72,,,,,,,,,3.65,4.18,1.32,1.26,,,,,,,,,,,,,,,,,,,,,,,,
italy,serie-b,2023-09-30,Ternana,Reggiana,3,0,Pinnacle,2.12,3.25,3.85,2.21,3.26,3.70,3.31,3.45,1.35,1.34,2.51,2.62,1.56,1.54,2.11,2.20,1.77,1.74,1.81,1.88,2.08,2.02,1.49,1.55,2.72,2.60,1.36,1.41,3.28,3.14,1.28,1.32,3.80,3.65,1.19,1.21,5.07,4.82,,,,,,,,,3.80,3.93,1.28,1.28,,,,,,,,,,,,,,,,,,,,,,,,
italy,serie-b,2023-09-30,Pisa,Cosenza,1,2,Pinnacle,1.82,3.74,4.46,2.04,3.24,4.33,2.53,3.08,1.55,1.42,2.06,2.38,1.81,1.64,1.82,2.04,2.07,1.87,1.58,1.73,2.46,2.22,1.35,1.43,3.34,3.05,1.28,1.32,3.86,3.66,1.23,1.25,4.39,4.27,,,,,,,,,,,,,2.92,3.53,1.43,1.33,,,,,3.31,3.99,1.35,1.28,,,,,,,,,,,,,,,,
italy,serie-b,2023-09-30,Modena,Venezia,1,3,Pinnacle,2.44,3.34,3.03,2.47,3.25,3.17,3.97,4.07,1.27,1.27,2.94,2.99,1.43,1.44,2.43,2.46,1.60,1.61,2.10,2.10,1.79,1.82,1.74,1.72,2.16,2.22,1.53,1.52,2.59,2.69,1.41,1.40,3.00,3.14,1.29,1.28,3.78,4.01,,,,,,,,,4.46,4.59,1.22,1.23,,,,,,,,,,,,,,,,,,,,,,,,
italy,serie-b,2023-09-30,FeralpiSalo,Spezia,1,2,Pinnacle,3.14,3.17,2.48,3.67,3.18,2.27,,,,,3.99,4.81,1.26,1.21,3.10,3.63,1.39,1.32,2.66,3.11,1.51,1.41,2.19,2.55,1.72,1.57,1.79,1.98,2.10,1.92,1.58,1.70,2.46,2.26,1.41,1.51,3.03,2.72,1.24,1.31,4.23,3.67,1.20,1.26,4.77,4.19,,,,,,,,,,,,,,,,,,,,,,,,,,,,
italy,serie-b,2023-09-30,Brescia,Ascoli,1,1,Pinnacle,2.15,3.31,3.67,2.35,3.09,3.59,3.37,3.91,1.34,1.29,2.55,2.85,1.55,1.47,2.14,2.34,1.75,1.66,1.84,1.98,2.04,1.93,1.52,1.61,2.62,2.46,1.39,1.43,3.14,3.02,1.30,1.33,3.63,3.55,1.20,1.22,4.81,4.71,,,,,,,,,3.86,4.46,1.28,1.24,,,,,,,,,,,,,,,,,,,,,,,,
italy,serie-b,2023-10-01,Sampdoria,Catanzaro,1,2,Pinnacle,2.05,3.60,3.64,2.26,3.31,3.52,3.04,3.56,1.41,1.33,2.39,2.69,1.61,1.52,2.05,2.25,1.83,1.71,1.77,1.93,2.11,1.97,1.50,1.59,2.68,2.49,1.38,1.44,3.13,3.00,1.31,1.34,3.59,3.48,1.22,1.23,4.64,4.54,,,,,,,,,3.46,4.05,1.33,1.27,,,,,,,,,,,,,,,,,,,,,,,,
italy,serie-b,2023-10-01,Palermo,Sudtirol,2,1,Pinnacle,1.74,3.72,5.03,1.79,3.48,5.48,2.38,2.51,1.62,1.58,1.97,2.04,1.90,1.87,1.74,1.78,2.17,2.14,1.51,1.53,2.65,2.66,1.29,1.28,3.74,3.94,1.23,1.22,4.35,4.67,,,,,,,,,,,,,,,,,2.77,2.95,1.47,1.45,3.98,4.31,1.26,1.25,3.15,3.36,1.38,1.36,,,,,,,,,,,,,,,,
italy,serie-b,2023-10-01,Cittadella,Lecco,2,1,Pinnacle,1.65,3.92,5.76,1.67,3.71,6.17,2.15,2.23,1.77,1.72,1.82,1.87,2.06,2.04,1.64,1.66,2.38,2.34,1.44,1.45,2.96,2.96,1.25,1.23,4.34,4.54,1.20,1.19,5.00,5.30,,,,,,,,,,,,,,,,,2.52,2.63,1.58,1.54,3.57,3.81,1.33,1.30,2.87,3.01,1.46,1.43,,,,,,,,,,,,,,,,
italy,serie-b,2023-10-01,Bari,Como,1,1,Pinnacle,2.34,3.29,3.34,2.44,2.88,3.69,3.78,4.22,1.30,1.26,2.80,3.00,1.49,1.44,2.32,2.43,1.67,1.62,1.98,2.03,1.89,1.88,1.65,1.61,2.36,2.44,1.48,1.42,2.84,3.06,1.37,1.32,3.30,3.64,1.25,1.21,4.27,4.87,,,,,,,,,4.29,4.80,1.25,1.21,,,,,,,,,,,,,,,,,,,,,,,,
italy,serie-b,2023-10-01,Cremonese,Parma,1,2,Pinnacle,2.19,3.38,3.58,2.13,3.36,3.83,3.38,3.21,1.35,1.38,2.58,2.49,1.56,1.59,2.18,2.12,1.76,1.79,1.86,1.82,2.01,2.10,1.56,1.51,2.57,2.73,1.42,1.38,3.07,3.27,1.33,1.30,3.54,3.78,1.22,1.20,4.64,4.99,,,,,,,,,3.86,3.67,1.29,1.31,,,,,,,,,,,,,,,,,,,,,,,,
italy,serie-b,2023-10-06,Brescia,FeralpiSalo,1,1,Pinnacle,2.04,3.32,4.14,1.97,3.22,4.72,3.13,3.02,1.41,1.43,2.40,2.31,1.63,1.68,2.02,1.97,1.85,1.93,1.74,1.67,2.20,2.33,1.45,1.37,2.95,3.31,1.34,1.28,3.51,3.98,1.27,1.22,4.08,4.65,,,,,,,,,,,,,3.60,3.51,1.32,1.34,,,,,4.08,4.00,1.27,1.28,,,,,,,,,,,,,,,,
italy,serie-b,2023-10-07,Venezia,Parma,3,2,Pinnacle,2.35,3.38,3.14,2.76,3.22,2.82,3.78,4.83,1.28,1.21,2.82,3.39,1.46,1.35,2.34,2.75,1.63,1.50,2.02,2.34,1.85,1.66,1.68,1.93,2.25,1.97,1.50,1.64,2.69,2.38,1.39,1.49,3.11,2.80,1.27,1.34,3.97,3.47,1.18,1.20,5.11,4.98,,,,,,,,,,,,,,,,,,,,,,,,,,,,,,,,
italy,serie-b,2023-10-07,Reggiana,Bari,1,1,Pinnacle,2.57,3.21,3.03,2.81,3.09,2.87,4.39,5.14,1.24,1.19,3.13,3.50,1.40,1.34,2.55,2.80,1.57,1.49,2.17,2.36,1.76,1.65,1.78,1.93,2.11,1.97,1.56,1.63,2.57,2.41,1.43,1.47,3.01,2.85,1.30,1.32,3.81,3.58,1.17,1.19,5.71,5.30,,,,,,,,,,,,,,,,,,,,,,,,,,,,,,,,
italy,serie-b,2023-10-07,Ascoli,Sampdoria,1,1,Pinnacle,2.55,3.25,3.01,2.69,3.10,3.00,4.34,4.80,1.25,1.21,3.10,3.32,1.40,1.36,2.54,2.68,1.57,1.52,2.17,2.26,1.76,1.70,1.78,1.85,2.11,2.07,1.56,1.58,2.56,2.52,1.44,1.44,3.00,2.99,1.30,1.30,3.78,3.77,1.17,1.17,5.62,5.62,,,,,,,,,,,,,,,,,,,,,,,,,,,,,,,,
italy,serie-b,2023-10-07,Sudtirol,Catanzaro,0,1,Pinnacle,2.33,3.23,3.41,3.05,3.00,2.73,4.05,5.87,1.26,1.16,2.94,3.86,1.43,1.29,2.41,3.03,1.60,1.43,2.06,2.55,1.83,1.57,1.69,2.07,2.24,1.85,1.49,1.69,2.71,2.28,1.38,1.51,3.16,2.72,1.26,1.36,4.06,3.37,1.16,1.21,5.87,4.84,,,,,,,,,,,,,,,,,,,,,,,,,,,,,,,,
italy,serie-b,2023-10-07,Cosenza,Lecco,3,0,Pinnacle,1.74,3.88,4.82,1.89,3.48,4.69,2.32,2.64,1.65,1.53,1.95,2.15,1.92,1.77,1.72,1.89,2.18,2.02,1.52,1.62,2.64,2.43,1.30,1.36,3.63,3.40,1.24,1.28,4.19,4.00,1.20,1.23,4.95,4.62,,,,,,,,,,,,,2.69,3.03,1.50,1.42,,,,,3.05,3.42,1.40,1.35,,,,,,,,,,,,,,,,
italy,serie-b,2023-10-07,Modena,Palermo,0,2,Pinnacle,2.29,3.41,3.30,2.90,3.12,2.77,3.59,5.29,1.32,1.19,2.72,3.61,1.51,1.32,2.28,2.88,1.69,1.47,1.95,2.44,1.92,1.61,1.64,2.00,2.38,1.91,1.48,1.67,2.83,2.33,1.37,1.50,3.27,2.75,1.26,1.35,4.19,3.42,1.16,1.21,5.75,4.92,,,,,,,,,,,,,,,,,,,,,,,,,,,,,,,,
italy,serie-b,2023-10-07,Cittadella,Ternana,2,2,Pinnacle,2.05,3.46,3.92,2.33,3.06,3.67,3.06,3.85,1.42,1.29,2.39,2.82,1.64,1.48,2.03,2.32,1.85,1.67,1.76,1.96,2.17,1.94,1.48,1.58,2.84,2.51,1.36,1.42,3.35,3.08,1.29,1.32,3.87,3.63,1.20,1.21,4.96,4.83,,,,,,,,,3.50,4.39,1.34,1.24,,,,,,,,,,,,,,,,,,,,,,,,
italy,serie-b,2023-10-08,Spezia,Pisa,0,0,Pinnacle,1.79,3.69,4.86,2.01,3.19,4.60,2.47,2.99,1.60,1.44,2.02,2.33,1.86,1.66,1.79,2.01,2.13,1.90,1.56,1.69,2.59,2.28,1.32,1.39,3.59,3.21,1.26,1.29,4.19,3.87,1.23,1.23,4.46,4.53,,,,,,,,,,,,,2.87,3.44,1.47,1.35,,,,,3.25,3.89,1.38,1.29,,,,,,,,,,,,,,,,
italy,serie-b,2023-10-08,Como,Cremonese,1,3,Pinnacle,2.64,3.26,2.89,3.04,3.23,2.58,4.54,5.63,1.23,1.17,3.23,3.80,1.38,1.30,2.63,3.02,1.54,1.43,2.25,2.57,1.71,1.56,1.85,2.13,2.02,1.80,1.61,1.75,2.46,2.18,1.47,1.56,2.87,2.56,1.32,1.40,3.58,3.13,1.19,1.24,5.21,4.37,,,,,,,,,,,,,,,,,,,,,,,,,,,,,,,,
italy,serie-b,2023-10-20,Parma,Como,2,1,Pinnacle,1.93,3.59,4.12,2.04,3.34,4.17,2.76,3.09,1.48,1.42,2.21,2.39,1.70,1.64,1.93,2.04,1.94,1.87,1.66,1.68,2.29,2.20,1.41,1.44,3.04,2.97,1.31,1.33,3.55,3.54,1.26,1.27,4.06,4.11,,,,,,,,,,,,,3.16,3.54,1.38,1.36,,,,,3.57,4.00,1.31,1.30,,,,,,,,,,,,,,,,
italy,serie-b,2023-10-21,Ternana,Brescia,0,1,Pinnacle,2.08,3.38,3.92,2.01,3.33,4.33,3.17,2.95,1.40,1.45,2.44,2.33,1.62,1.67,2.06,2.01,1.83,1.90,1.78,1.71,2.15,2.25,1.48,1.42,2.81,3.08,1.36,1.31,3.34,3.67,1.29,1.25,3.87,4.27,1.20,1.19,4.85,5.18,,,,,,,,,3.62,3.37,1.32,1.36,,,,,4.09,3.79,1.27,1.30,,,,,,,,,,,,,,,,
italy,serie-b,2023-10-21,Pisa,Cittadella,2,1,Pinnacle,2.17,3.20,3.88,2.30,2.91,4.02,3.46,3.84,1.34,1.29,2.58,2.78,1.56,1.49,2.16,2.29,1.77,1.69,1.83,1.92,2.06,1.99,1.51,1.52,2.72,2.68,1.38,1.38,3.29,3.34,1.29,1.28,3.83,3.96,1.19,1.18,5.16,5.39,,,,,,,,,3.98,4.40,1.28,1.24,,,,,,,,,,,,,,,,,,,,,,,,
italy,serie-b,2023-10-21,Lecco,Ascoli,0,2,Pinnacle,2.90,3.26,2.63,3.04,3.26,2.55,5.24,5.58,1.19,1.17,3.60,3.80,1.32,1.30,2.88,3.02,1.47,1.43,2.46,2.58,1.60,1.56,2.03,2.14,1.85,1.79,1.71,1.76,2.24,2.16,1.54,1.57,2.62,2.54,1.38,1.40,3.21,3.11,1.23,1.24,4.52,4.41,1.20,1.20,4.94,4.94,,,,,,,,,,,,,,,,,,,,,,,,,,,,
italy,serie-b,2023-10-21,Cremonese,Sudtirol,0,1,Pinnacle,1.75,3.79,5.01,1.59,3.97,6.62,2.36,2.08,1.65,1.84,1.95,1.76,1.92,2.17,1.74,1.58,2.20,2.51,1.53,1.39,2.68,3.19,1.30,1.20,3.74,4.99,1.25,1.19,4.34,5.25,,,,,,,,,,,,,,,,,2.75,2.45,1.50,1.61,3.91,3.50,1.29,1.34,3.11,2.84,1.40,1.48,,,,,4.88,4.96,1.20,1.20,,,,,,,,
italy,serie-b,2023-10-21,Catanzaro,FeralpiSalo,3,0,Pinnacle,1.57,4.13,6.38,1.70,3.77,5.58,1.96,2.24,1.90,1.72,1.71,1.90,2.24,2.00,1.56,1.70,2.57,2.27,1.38,1.48,3.23,2.82,1.21,1.26,4.89,4.14,1.20,1.21,4.74,4.81,,,,,,,,,,,,,,,,,2.31,2.59,1.68,1.55,3.23,3.64,1.38,1.32,2.65,2.93,1.53,1.44,,,,,,,,,,,,,,,,
italy,serie-b,2023-10-21,Bari,Modena,1,1,Pinnacle,2.19,3.25,3.74,2.43,2.97,3.58,3.47,4.14,1.34,1.26,2.60,2.97,1.55,1.44,2.18,2.42,1.76,1.63,1.85,2.03,2.03,1.88,1.54,1.63,2.64,2.41,1.40,1.44,3.18,2.99,1.31,1.33,3.69,3.53,1.21,1.22,4.92,4.65,,,,,,,,,3.98,4.71,1.28,1.22,,,,,,,,,,,,,,,,,,,,,,,,
italy,serie-b,2023-10-22,Sampdoria,Cosenza,2,0,Pinnacle,2.13,3.43,3.69,2.12,3.39,3.66,3.23,3.20,1.38,1.36,2.50,2.56,1.59,1.56,2.12,2.11,1.79,1.76,1.82,1.86,2.07,2.05,1.53,1.55,2.66,2.73,1.40,1.41,3.17,3.26,1.32,1.32,3.64,3.76,1.21,1.22,4.79,4.97,,,,,,,,,3.70,3.80,1.31,1.30,,,,,,,,,,,,,,,,,,,,,,,,
italy,serie-b,2023-10-22,Reggiana,Venezia,1,0,Pinnacle,2.60,3.24,2.96,2.94,3.29,2.61,4.45,5.45,1.24,1.18,3.17,3.68,1.39,1.31,2.59,2.92,1.56,1.45,2.21,2.50,1.74,1.59,1.82,2.08,2.07,1.84,1.58,1.73,2.51,2.22,1.45,1.55,2.94,2.60,1.31,1.39,3.69,3.17,1.18,1.24,5.44,4.42,1.23,1.24,4.58,4.67,,,,,,,,,,,,,,,,,,,,,,,,,,,,
italy,serie-b,2023-10-23,Palermo,Spezia,2,2,Pinnacle,2.09,3.44,3.79,2.07,3.30,4.12,3.16,3.07,1.40,1.42,2.45,2.41,1.61,1.63,2.07,2.07,1.82,1.85,1.79,1.76,2.12,2.17,1.51,1.46,2.74,2.92,1.38,1.34,3.24,3.49,1.31,1.27,3.74,4.07,,,,,,,,,,,,,3.60,3.49,1.32,1.34,,,,,4.05,3.92,1.27,1.28,,,,,,,,,,,,,,,,
italy,serie-b,2023-10-24,Brescia,Modena,0,1,Pinnacle,2.48,3.27,3.11,2.83,2.93,3.01,4.13,5.31,1.26,1.19,3.01,3.54,1.43,1.33,2.47,2.81,1.60,1.49,2.10,2.35,1.79,1.66,1.74,1.89,2.20,2.02,1.53,1.59,2.65,2.50,1.41,1.44,3.08,2.99,1.28,1.30,3.93,3.83,1.16,1.16,5.64,5.94,,,,,,,,,,,,,,,,,,,,,,,,,,,,,,,,
italy,serie-b,2023-10-24,Pisa,Lecco,1,2,Pinnacle,1.65,3.80,5.76,1.76,3.71,5.22,2.20,2.39,1.71,1.64,1.85,1.99,2.03,1.92,1.64,1.75,2.33,2.19,1.44,1.52,2.91,2.68,1.23,1.29,4.32,3.85,1.19,1.23,4.99,4.49,,,,,,,,,,,,,,,,,2.59,2.79,1.53,1.49,3.72,3.99,1.29,1.28,2.96,3.16,1.42,1.39,,,,,,,,,,,,,,,,
italy,serie-b,2023-10-27,Cittadella,Cremonese,1,2,Pinnacle,2.66,3.21,2.90,3.07,3.20,2.56,4.82,5.86,1.20,1.16,3.37,3.88,1.34,1.29,2.72,3.06,1.49,1.42,2.33,2.60,1.64,1.55,1.93,2.15,1.93,1.79,1.64,1.76,2.33,2.17,1.49,1.57,2.72,2.55,1.34,1.40,3.37,3.11,1.20,1.25,4.82,4.34,1.22,1.21,4.68,4.82,,,,,,,,,,,,,,,,,,,,,,,,,,,,
italy,serie-b,2023-10-28,Sudtirol,Sampdoria,3,1,Pinnacle,2.71,3.22,2.84,3.11,2.98,2.71,4.71,6.01,1.21,1.16,3.30,3.94,1.35,1.28,2.67,3.09,1.51,1.42,2.28,2.59,1.67,1.55,1.88,2.10,1.98,1.83,1.61,1.70,2.39,2.26,1.47,1.52,2.80,2.69,1.32,1.36,3.49,3.35,1.19,1.21,5.08,4.88,,,,,,,,,,,,,,,,,,,,,,,,,,,,,,,,
italy,serie-b,2023-10-28,Spezia,Cosenza,0,0,Pinnacle,1.86,3.57,4.60,1.85,3.59,4.75,2.60,2.57,1.53,1.56,2.11,2.10,1.78,1.81,1.85,1.85,2.03,2.07,1.60,1.60,2.43,2.49,1.35,1.35,3.34,3.48,1.27,1.27,3.90,4.07,1.22,1.22,4.46,4.68,,,,,,,,,,,,,3.00,2.95,1.41,1.44,4.14,4.14,1.26,1.26,3.40,3.34,1.34,1.36,,,,,,,,,,,,,,,,
italy,serie-b,2023-10-28,FeralpiSalo,Reggiana,0,3,Pinnacle,2.57,3.19,3.04,2.92,3.01,2.84,4.37,5.47,1.23,1.18,3.11,3.66,1.39,1.32,2.54,2.90,1.55,1.46,2.16,2.44,1.74,1.61,1.79,1.98,2.11,1.93,1.55,1.65,2.55,2.37,1.42,1.48,2.99,2.82,1.29,1.33,3.78,3.54,1.16,1.19,5.65,5.25,,,,,,,,,,,,,,,,,,,,,,,,,,,,,,,,
italy,serie-b,2023-10-28,Como,Catanzaro,1,0,Pinnacle,2.18,3.45,3.44,2.33,3.28,3.41,3.34,3.72,1.34,1.31,2.57,2.79,1.54,1.50,2.17,2.32,1.73,1.68,1.83,1.98,1.84,1.93,1.57,1.63,2.49,2.40,1.43,1.45,2.96,2.90,1.34,1.35,3.40,3.37,1.23,1.24,4.40,4.38,,,,,,,,,3.80,4.22,1.28,1.26,,,,,,,,,,,,,,,,,,,,,,,,
italy,serie-b,2023-10-28,Ascoli,Parma,1,3,Pinnacle,3.03,3.26,2.54,3.53,3.02,2.42,,,,,3.79,4.60,1.30,1.23,3.01,3.49,1.43,1.34,2.57,2.96,1.56,1.45,2.12,2.40,1.78,1.63,1.77,1.88,2.16,2.03,1.58,1.63,2.52,2.41,1.41,1.45,3.08,2.93,1.25,1.28,4.28,4.01,1.21,1.23,4.68,4.54,,,,,,,,,,,,,,,,,,,,,,,,,,,,
italy,serie-b,2023-10-29,Venezia,Pisa,2,1,Pinnacle,2.04,3.45,3.85,2.15,3.27,3.90,3.06,3.32,1.40,1.36,2.38,2.53,1.62,1.57,2.04,2.14,1.84,1.78,1.75,1.83,2.14,2.10,1.47,1.50,2.79,2.75,1.35,1.37,3.30,3.32,1.28,1.29,3.80,3.85,1.20,1.19,4.88,5.15,,,,,,,,,3.49,3.80,1.32,1.30,,,,,3.93,4.21,1.27,1.26,,,,,,,,,,,,,,,,
italy,serie-b,2023-10-29,Palermo,Lecco,1,2,Pinnacle,1.42,4.82,7.47,1.35,5.48,9.10,1.67,1.53,2.27,2.67,1.52,1.41,2.64,3.07,1.41,1.34,2.99,3.47,1.28,1.25,3.86,4.27,,,,,,,,,,,,,,,,,,,,,,,,,1.96,1.76,1.91,2.16,2.62,2.30,1.52,1.68,2.23,2.01,1.69,1.89,3.77,3.20,1.29,1.39,3.36,2.83,1.34,1.48,,,,,3.73,3.58,1.31,1.33
italy,serie-b,2023-10-29,Modena,Ternana,2,1,Pinnacle,2.11,3.47,3.62,1.98,3.38,4.41,3.18,2.93,1.37,1.45,2.47,2.29,1.58,1.68,2.10,1.98,1.78,1.93,1.81,1.68,2.07,2.29,1.52,1.40,2.63,3.15,1.39,1.30,3.12,3.74,1.31,1.25,3.58,4.34,,,,,,,,,,,,,3.63,3.37,1.30,1.36,,,,,3.99,3.82,1.27,1.30,,,,,,,,,,,,,,,,
italy,serie-b,2023-10-29,Brescia,Bari,1,2,Pinnacle,2.65,3.05,3.01,2.61,2.85,3.40,4.78,4.76,1.20,1.22,3.28,3.26,1.35,1.38,2.63,2.60,1.52,1.55,2.22,2.17,1.70,1.78,1.81,1.71,2.07,2.24,1.56,1.48,2.53,2.82,1.42,1.36,2.99,3.36,1.28,1.24,3.82,4.43,1.15,1.13,5.87,6.92,,,,,5.33,5.39,1.18,1.18,,,,,,,,,,,,,,,,,,,,,,,,
italy,serie-b,2023-11-04,Catanzaro,Modena,1,2,Pinnacle,2.05,3.49,3.89,2.37,3.32,3.27,3.04,3.80,1.43,1.30,2.38,2.84,1.64,1.48,2.03,2.36,1.85,1.65,1.76,2.03,2.17,1.88,1.48,1.68,2.83,2.32,1.36,1.49,3.33,2.79,1.29,1.38,3.84,3.24,1.21,1.26,4.68,4.17,,,,,,,,,3.47,4.30,1.34,1.25,,,,,,,,,,,,,,,,,,,,,,,,
italy,serie-b,2023-11-04,Cittadella,Brescia,3,2,Pinnacle,1.98,3.34,4.36,2.12,3.01,4.47,2.99,3.38,1.44,1.36,2.31,2.51,1.68,1.58,1.96,2.12,1.90,1.81,1.69,1.76,2.28,2.16,1.41,1.43,3.12,3.04,1.31,1.31,3.70,3.72,1.25,1.24,4.29,4.40,1.18,1.16,5.22,5.81,,,,,,,,,3.45,3.89,1.34,1.29,,,,,3.92,4.41,1.28,1.24,,,,,,,,,,,,,,,,
italy,serie-b,2023-11-04,Bari,Ascoli,1,0,Pinnacle,1.98,3.35,4.34,2.14,3.02,4.34,2.98,3.39,1.44,1.35,2.31,2.55,1.68,1.57,1.96,2.13,1.91,1.79,1.69,1.80,2.28,2.14,1.41,1.45,3.11,2.95,1.31,1.33,3.69,3.64,1.25,1.25,4.27,4.28,1.18,1.16,5.25,5.88,,,,,,,,,3.44,3.91,1.35,1.29,,,,,3.91,4.37,1.29,1.24,,,,,,,,,,,,,,,,
italy,serie-b,2023-11-04,Pisa,Como,1,1,Pinnacle,2.28,3.45,3.23,2.66,2.93,3.23,3.60,4.70,1.31,1.22,2.71,3.27,1.49,1.37,2.26,2.64,1.68,1.53,1.96,2.21,1.91,1.74,1.64,1.78,2.33,2.17,1.47,1.52,2.77,2.69,1.37,1.39,3.19,3.21,1.25,1.27,4.09,4.12,1.14,1.14,6.51,6.39,,,,,4.08,5.14,1.26,1.19,,,,,,,,,,,,,,,,,,,,,,,,
italy,serie-b,2023-11-04,Sampdoria,Palermo,1,0,Pinnacle,2.61,3.40,2.77,3.05,3.27,2.54,4.41,5.51,1.23,1.18,3.17,3.79,1.37,1.30,2.60,3.04,1.53,1.43,2.23,2.59,1.69,1.56,1.88,2.15,1.99,1.79,1.62,1.77,2.37,2.15,1.48,1.58,2.75,2.53,1.34,1.41,3.40,3.06,1.20,1.26,4.84,4.20,1.23,1.22,4.62,4.67,,,,,,,,,,,,,,,,,,,,,,,,,,,,
italy,serie-b,2023-11-04,Cosenza,FeralpiSalo,1,1,Pinnacle,2.01,3.43,4.09,1.92,3.37,4.73,3.00,2.80,1.44,1.49,2.34,2.21,1.66,1.73,1.99,1.92,1.88,1.99,1.72,1.64,2.23,2.39,1.45,1.36,2.96,3.38,1.34,1.28,3.50,4.01,1.27,1.22,4.04,4.66,,,,,,,,,,,,,3.44,3.23,1.35,1.38,,,,,3.89,3.67,1.29,1.31,,,,,,,,,,,,,,,,
italy,serie-b,2023-11-04,Ternana,Venezia,0,1,Pinnacle,2.49,3.39,2.98,2.82,3.26,2.73,4.05,4.99,1.27,1.20,3.00,3.47,1.44,1.34,2.48,2.80,1.60,1.49,2.12,2.39,1.78,1.64,1.78,1.98,2.14,1.93,1.57,1.67,2.55,2.32,1.44,1.51,2.95,2.72,1.31,1.36,3.70,3.37,1.19,1.21,4.93,4.83,,,,,,,,,,,,,,,,,,,,,,,,,,,,,,,,
italy,serie-b,2023-11-05,Parma,Sudtirol,2,0,Pinnacle,1.61,3.98,6.10,1.72,3.65,5.67,2.07,2.34,1.82,1.66,1.78,1.94,2.14,1.96,1.61,1.71,2.46,2.24,1.41,1.49,3.07,2.79,1.23,1.26,4.62,4.16,1.18,1.21,5.16,4.87,,,,,,,,,,,,,,,,,2.44,2.75,1.61,1.50,3.45,3.96,1.34,1.28,2.80,3.13,1.49,1.40,,,,,,,,,,,,,,,,
italy,serie-b,2023-11-05,Cremonese,Spezia,3,0,Pinnacle,1.78,3.78,4.86,1.99,3.36,4.36,2.40,2.86,1.63,1.47,1.98,2.29,1.89,1.68,1.76,1.99,2.16,1.91,1.54,1.70,2.62,2.27,1.32,1.41,3.62,3.11,1.26,1.31,4.21,3.70,1.26,1.25,4.03,4.29,,,,,,,,,,,,,2.79,3.25,1.49,1.38,,,,,3.16,3.66,1.39,1.32,,,,,,,,,,,,,,,,
italy,serie-b,2023-11-05,Reggiana,Lecco,1,1,Pinnacle,1.77,3.72,4.97,1.74,3.81,5.09,2.42,2.32,1.63,1.67,1.98,1.95,1.88,1.95,1.76,1.73,2.16,2.22,1.54,1.51,2.63,2.72,1.31,1.29,3.69,3.75,1.25,1.23,4.29,4.38,,,,,,,,,,,,,,,,,2.82,2.70,1.48,1.52,4.04,3.88,1.27,1.30,3.19,3.11,1.39,1.40,,,,,,,,,,,,,,,,
italy,serie-b,2023-11-08,Palermo,Brescia,1,0,Pinnacle,1.71,3.90,5.12,1.66,3.68,6.36,2.27,2.16,1.70,1.76,1.90,1.85,1.97,2.07,1.71,1.65,2.25,2.35,1.50,1.44,2.76,2.99,1.29,1.22,3.86,4.67,1.24,1.18,4.45,5.45,,,,,,,,,,,,,,,,,2.64,2.52,1.54,1.58,3.73,3.56,1.31,1.33,2.99,2.87,1.43,1.46,,,,,,,,,,,,,,,,
italy,serie-b,2023-11-08,Lecco,Spezia,0,0,Pinnacle,3.39,3.39,2.26,3.98,3.52,2.03,,,,,4.33,4.73,1.25,1.22,3.35,3.93,1.36,1.28,2.91,3.41,1.46,1.35,2.43,2.89,1.62,1.46,1.96,2.20,1.94,1.74,1.71,1.88,2.25,2.03,1.52,1.66,2.69,2.34,1.33,1.45,3.54,2.96,1.27,1.36,4.02,3.37,,,,,,,,,,,,,,,,,,,,,1.28,1.30,4.01,3.79,,,,
italy,serie-b,2023-11-10,Venezia,Catanzaro,2,1,Pinnacle,2.02,3.58,3.88,2.02,3.53,4.00,2.94,2.95,1.45,1.45,2.33,2.34,1.67,1.66,2.00,2.02,1.88,1.88,1.74,1.74,2.20,2.21,1.47,1.46,2.85,2.90,1.36,1.35,3.34,3.42,1.29,1.28,3.83,3.94,,,,,,,,,,,,,3.35,3.36,1.36,1.36,,,,,3.78,3.79,1.30,1.30,,,,,,,,,,,,,,,,
italy,serie-b,2023-11-11,Sudtirol,Pisa,1,2,Pinnacle,2.72,2.98,3.01,3.09,2.85,2.83,5.02,6.31,1.20,1.15,3.39,3.97,1.35,1.28,2.71,3.07,1.52,1.42,2.28,2.56,1.69,1.57,1.85,2.04,2.04,1.87,1.58,1.66,2.52,2.34,1.44,1.48,2.99,2.82,1.30,1.33,3.82,3.55,1.16,1.19,5.87,5.28,,,,,,,,,,,,,,,,,,,,,,,,,,,,,,,,
italy,serie-b,2023-11-11,Modena,Sampdoria,0,2,Pinnacle,2.12,3.42,3.73,2.31,3.12,3.64,3.21,3.78,1.38,1.30,2.48,2.78,1.60,1.49,2.11,2.30,1.80,1.68,1.80,1.95,2.08,1.95,1.52,1.58,2.69,2.51,1.40,1.42,3.20,3.07,1.31,1.32,3.68,3.60,1.21,1.22,4.85,4.77,,,,,,,,,3.67,4.31,1.31,1.25,,,,,,,,,,,,,,,,,,,,,,,,
italy,serie-b,2023-11-11,FeralpiSalo,Bari,3,3,Pinnacle,2.89,3.05,2.75,3.36,2.96,2.55,,,,,3.64,4.36,1.30,1.24,2.88,3.33,1.45,1.36,2.43,2.80,1.60,1.49,1.99,2.26,1.88,1.70,1.65,1.80,2.31,2.13,1.49,1.57,2.73,2.54,1.33,1.41,3.42,3.14,1.19,1.24,5.04,4.42,1.21,1.20,4.64,4.99,,,,,,,,,,,,,,,,,,,,,,,,,,,,
italy,serie-b,2023-11-11,Cosenza,Reggiana,2,0,Pinnacle,2.17,3.36,3.63,2.38,3.14,3.45,3.36,3.95,1.36,1.28,2.57,2.88,1.56,1.47,2.16,2.37,1.76,1.65,1.85,2.02,2.03,1.89,1.55,1.64,2.60,2.38,1.41,1.46,3.11,2.91,1.32,1.35,3.59,3.41,1.22,1.24,4.71,4.46,,,,,,,,,3.84,4.49,1.29,1.23,,,,,,,,,,,,,,,,,,,,,,,,
italy,serie-b,2023-11-11,Ascoli,Como,0,1,Pinnacle,2.55,3.26,3.01,3.24,2.98,2.62,4.32,6.55,1.25,1.14,3.10,4.16,1.41,1.26,2.54,3.22,1.57,1.39,2.17,2.70,1.76,1.52,1.78,2.19,2.11,1.76,1.56,1.75,2.56,2.18,1.44,1.55,2.99,2.60,1.30,1.38,3.77,3.22,1.17,1.22,5.59,4.66,1.20,1.19,5.02,5.17,,,,,,,,,,,,,,,,,,,,,,,,,,,,
italy,serie-b,2023-11-12,Palermo,Cittadella,0,1,Pinnacle,1.76,3.78,4.96,1.89,3.49,4.66,2.38,2.74,1.64,1.51,1.97,2.18,1.90,1.76,1.75,1.89,2.18,2.02,1.53,1.62,2.65,2.42,1.31,1.36,3.69,3.38,1.25,1.28,4.29,3.98,1.23,1.23,4.60,4.59,,,,,,,,,,,,,2.77,3.16,1.50,1.39,,,,,3.14,3.60,1.40,1.32,,,,,,,,,,,,,,,,
italy,serie-b,2023-11-12,Lecco,Parma,3,2,Pinnacle,4.45,3.70,1.85,4.33,3.48,1.96,,,,,,,,,4.32,4.27,1.23,1.25,3.79,3.70,1.28,1.31,3.27,3.13,1.36,1.41,2.42,2.31,1.60,1.68,2.04,1.94,1.84,1.96,1.79,1.70,2.09,2.26,1.54,1.47,2.57,2.88,1.42,1.36,2.95,3.32,,,,,,,,,,,,,,,,,,,,,1.34,1.30,3.34,3.76,,,,
italy,serie-b,2023-11-12,Brescia,Cremonese,0,3,Pinnacle,3.29,3.36,2.29,4.27,3.33,2.02,,,,,,,,,3.26,4.21,1.36,1.26,2.82,3.62,1.46,1.32,2.36,3.04,1.63,1.43,1.91,2.23,1.96,1.72,1.67,1.88,2.28,2.02,1.49,1.65,2.73,2.36,1.30,1.43,3.64,3.04,1.25,1.34,4.12,3.49,,,,,,,,,,,,,,,,,,,,,1.26,1.28,4.05,3.95,,,,
italy,serie-b,2023-11-12,Spezia,Ternana,2,2,Pinnacle,1.88,3.70,4.29,2.03,3.25,4.39,2.64,2.95,1.54,1.45,2.15,2.34,1.78,1.66,1.87,2.03,2.00,1.88,1.64,1.71,2.39,2.24,1.40,1.42,3.19,3.09,1.31,1.31,3.71,3.70,1.26,1.25,4.23,4.32,,,,,,,,,,,,,3.03,3.35,1.42,1.36,,,,,3.42,3.77,1.35,1.30,,,,,,,,,,,,,,,,
italy,serie-b,2023-11-24,Sampdoria,Spezia,2,1,Pinnacle,2.16,3.36,3.59,2.22,3.30,3.63,3.33,3.48,1.35,1.34,2.55,2.64,1.55,1.54,2.15,2.21,1.74,1.73,1.85,1.90,2.02,2.01,1.54,1.56,2.57,2.57,1.40,1.42,3.08,3.09,1.31,1.32,3.55,3.59,1.21,1.22,4.63,4.71,,,,,,,,,3.79,3.96,1.28,1.28,,,,,,,,,,,,,,,,,,,,,,,,
italy,serie-b,2023-11-25,Cittadella,Sudtirol,2,1,Pinnacle,2.03,3.23,4.20,2.25,2.83,4.35,3.14,3.77,1.39,1.30,2.39,2.72,1.61,1.51,2.03,2.24,1.85,1.72,1.72,1.86,2.19,2.05,1.42,1.47,2.97,2.87,1.31,1.33,3.56,3.60,1.25,1.25,4.14,4.29,1.19,1.16,4.96,5.96,,,,,,,,,3.61,4.34,1.31,1.25,,,,,,,,,,,,,,,,,,,,,,,,
italy,serie-b,2023-11-25,Bari,Venezia,0,3,Pinnacle,2.43,3.28,3.10,2.76,2.95,3.06,4.02,5.07,1.26,1.20,2.94,3.44,1.43,1.35,2.42,2.75,1.60,1.50,2.08,2.30,1.81,1.68,1.71,1.85,2.20,2.06,1.52,1.57,2.64,2.55,1.40,1.43,3.07,3.05,1.27,1.29,3.91,3.89,1.15,1.16,5.34,5.94,,,,,,,,,,,,,,,,,,,,,,,,,,,,,,,,
italy,serie-b,2023-11-25,Cremonese,Lecco,1,0,Pinnacle,1.31,5.52,10.16,1.42,5.04,7.75,1.47,1.65,2.80,2.36,1.36,1.50,3.24,2.73,1.30,1.40,3.68,3.08,1.24,1.28,4.28,3.98,,,,,,,,,,,,,,,,,,,,,,,,,1.71,1.92,2.21,1.99,2.24,2.50,1.69,1.57,1.96,2.16,1.91,1.76,3.13,3.50,1.38,1.33,2.76,3.12,1.48,1.40,,,,,,,,
italy,serie-b,2023-11-25,Parma,Modena,1,1,Pinnacle,1.92,3.49,4.29,2.00,3.51,4.12,2.78,2.95,1.47,1.45,2.21,2.31,1.71,1.68,1.91,2.00,1.76,1.91,1.65,1.71,2.32,2.25,1.39,1.44,3.13,2.99,1.30,1.33,3.68,3.52,1.24,1.27,4.23,4.06,,,,,,,,,,,,,3.20,3.39,1.37,1.35,,,,,3.62,3.83,1.30,1.29,,,,,,,,,,,,,,,,
italy,serie-b,2023-11-25,Pisa,Brescia,1,1,Pinnacle,1.93,3.31,4.55,2.14,3.07,4.25,2.82,3.32,1.46,1.36,2.23,2.53,1.69,1.58,1.93,2.13,1.94,1.79,1.64,1.80,2.33,2.13,1.37,1.46,3.26,2.91,1.28,1.34,3.87,3.57,1.22,1.26,4.48,4.19,1.19,1.17,5.04,5.70,,,,,,,,,3.24,3.81,1.36,1.30,,,,,,,,,,,,,,,,,,,,,,,,
italy,serie-b,2023-11-25,Como,FeralpiSalo,2,1,Pinnacle,1.58,4.13,6.22,1.81,3.52,5.20,1.98,2.50,1.88,1.59,1.73,2.05,2.22,1.86,1.57,1.80,2.54,2.11,1.39,1.55,3.18,2.60,1.22,1.30,4.77,3.76,1.20,1.24,4.74,4.44,,,,,,,,,,,,,,,,,2.33,2.90,1.67,1.46,3.25,4.19,1.38,1.26,2.67,3.28,1.53,1.37,,,,,,,,,,,,,,,,
italy,serie-b,2023-11-25,Reggiana,Ascoli,1,1,Pinnacle,2.12,3.29,3.91,2.46,2.87,3.67,3.31,4.37,1.38,1.24,2.50,3.04,1.59,1.43,2.10,2.45,1.79,1.61,1.80,2.04,2.11,1.87,1.50,1.62,2.78,2.43,1.36,1.43,3.32,3.04,1.29,1.32,3.86,3.62,1.20,1.21,4.78,4.88,,,,,,,,,3.79,4.98,1.30,1.20,,,,,,,,,,,,,,,,,,,,,,,,
italy,serie-b,2023-11-26,Ternana,Palermo,1,1,Pinnacle,2.91,3.39,2.50,3.26,3.26,2.42,5.10,5.66,1.18,1.17,3.59,4.12,1.31,1.26,2.89,3.22,1.44,1.38,2.49,2.77,1.57,1.50,2.10,2.29,1.79,1.69,1.75,1.85,2.14,2.06,1.57,1.63,2.49,2.40,1.41,1.46,3.00,2.91,1.26,1.28,4.06,3.93,1.23,1.24,4.42,4.44,,,,,,,,,,,,,,,,,,,,,,,,,,,,
italy,serie-b,2023-11-26,Catanzaro,Cosenza,2,0,Pinnacle,1.88,3.65,4.37,2.29,3.18,3.63,2.66,3.58,1.53,1.33,2.15,2.72,1.77,1.51,1.87,2.28,2.00,1.69,1.63,1.93,2.40,1.97,1.39,1.58,3.23,2.52,1.30,1.42,3.76,3.06,1.25,1.33,4.31,3.58,1.19,1.22,5.22,4.71,,,,,,,,,3.06,4.06,1.41,1.27,,,,,,,,,,,,,,,,,,,,,,,,
italy,serie-b,2023-11-28,Sudtirol,Brescia,1,1,Pinnacle,2.09,3.09,4.21,2.78,2.85,3.15,3.26,5.17,1.37,1.19,2.47,3.48,1.58,1.34,2.09,2.77,1.80,1.50,1.76,2.30,2.13,1.68,1.43,1.83,2.92,2.08,1.32,1.55,3.54,2.61,1.25,1.41,4.15,3.13,1.17,1.27,5.43,4.07,1.13,1.14,6.80,6.53,,,,,3.73,5.39,1.29,1.18,,,,,,,,,,,,,,,,,,,,,,,,
italy,serie-b,2023-11-28,Como,Lecco,0,0,Pinnacle,1.56,4.34,6.11,1.67,3.82,5.87,1.92,2.17,1.95,1.76,1.69,1.85,2.28,2.06,1.55,1.66,2.60,2.34,1.38,1.45,3.24,2.93,1.22,1.24,4.76,4.37,1.21,1.20,4.64,5.07,,,,,,,,,,,,,,,,,2.24,2.52,1.72,1.58,3.06,3.54,1.41,1.33,2.55,2.86,1.57,1.46,,,,,,,,,,,,,,,,
italy,serie-b,2023-12-01,Palermo,Catanzaro,1,2,Pinnacle,2.10,3.34,3.95,2.10,3.34,3.95,,3.10,,1.41,,2.44,,1.61,,2.10,,1.82,,1.79,,2.13,,1.49,,2.81,,1.36,,3.35,,1.29,,3.90,,,,,,,,,,,,,,3.50,,1.34,,,,,,3.92,,1.28,,,,,,,,,,,,,,,,
italy,serie-b,2023-12-02,Venezia,Ascoli,3,1,Pinnacle,1.75,3.54,5.71,1.75,3.54,5.71,,2.43,,1.62,,1.99,,1.92,,1.74,,2.20,,1.50,,2.75,,1.26,,4.14,,1.21,,4.87,,,,,,,,,,,,,,,,,,2.87,,1.47,,4.21,,1.26,,3.28,,1.37,,,,,,,,,,,,,,,,
italy,serie-b,2023-12-02,Spezia,Parma,0,1,Pinnacle,2.57,3.23,3.04,2.57,3.23,3.04,,4.31,,1.25,,3.11,,1.40,,2.56,,1.57,,2.17,,1.76,,1.80,,2.13,,1.56,,2.58,,1.43,,3.03,,1.30,,3.81,,1.17,,5.61,,,,,,4.72,,1.22,,,,,,,,,,,,,,,,,,,,,,,,
italy,serie-b,2023-12-02,Pisa,Cremonese,0,0,Pinnacle,3.52,3.33,2.25,3.52,3.33,2.25,,,,,,4.51,,1.23,,3.48,,1.34,,3.00,,1.44,,2.50,,1.59,,1.98,,1.93,,1.71,,2.24,,1.53,,2.67,,1.34,,3.50,,1.28,,3.97,,,,,,,,,,,,,,,,,,,,,,,,,,,,
italy,serie-b,2023-12-02,Modena,Reggiana,2,1,Pinnacle,2.26,3.15,3.74,2.26,3.15,3.74,,3.65,,1.32,,2.71,,1.52,,2.25,,1.71,,1.91,,2.00,,1.56,,2.59,,1.40,,3.16,,1.31,,3.70,,1.21,,4.94,,,,,,,,,,4.18,,1.26,,,,,,,,,,,,,,,,,,,,,,,,
italy,serie-b,2023-12-02,FeralpiSalo,Cittadella,0,1,Pinnacle,3.68,2.97,2.39,3.68,2.97,2.39,,,,,,4.85,,1.21,,3.63,,1.32,,3.07,,1.42,,2.48,,1.60,,1.91,,2.00,,1.65,,2.38,,1.46,,2.92,,1.27,,4.09,,1.22,,4.67,,,,,,,,,,,,,,,,,,,,,,,,,,,,
italy,serie-b,2023-12-02,Cosenza,Ternana,1,3,Pinnacle,2.37,3.18,3.44,2.37,3.18,3.44,,3.85,,1.29,,2.85,,1.47,,2.36,,1.65,,2.01,,1.90,,1.64,,2.38,,1.46,,2.90,,1.35,,3.39,,1.24,,4.38,,,,,,,,,,4.36,,1.24,,,,,,,,,,,,,,,,,,,,,,,,
italy,serie-b,2023-12-03,Brescia,Sampdoria,3,1,Pinnacle,3.01,2.97,2.79,3.01,2.97,2.79,,5.72,,1.17,,3.79,,1.30,,2.99,,1.44,,2.51,,1.58,,2.03,,1.88,,1.67,,2.32,,1.50,,2.77,,1.34,,3.47,,1.20,,5.11,,,,,,,,,,,,,,,,,,,,,,,,,,,,,,,,
italy,serie-b,2023-12-03,Sudtirol,Como,0,1,Pinnacle,3.74,2.81,2.47,3.74,2.81,2.47,,,,,,4.99,,1.20,,3.69,,1.31,,3.09,,1.42,,2.45,,1.61,,1.87,,2.05,,1.61,,2.46,,1.42,,3.07,,1.24,,4.45,,1.20,,5.08,,,,,,,,,,,,,,,,,,,,,,,,,,,,
italy,serie-b,2023-12-03,Lecco,Bari,1,0,Pinnacle,2.89,3.01,2.87,2.89,3.01,2.87,,5.33,,1.18,,3.61,,1.32,,2.87,,1.47,,2.41,,1.63,,1.96,,1.94,,1.63,,2.40,,1.47,,2.85,,1.32,,3.59,,1.19,,5.32,,,,,,,,,,,,,,,,,,,,,,,,,,,,,,,,
italy,serie-b,2023-12-09,Ascoli,Spezia,1,2,Pinnacle,2.96,3.06,2.76,2.96,3.06,2.76,,5.57,,1.17,,3.72,,1.31,,2.94,,1.45,,2.48,,1.60,,2.02,,1.88,,1.68,,2.31,,1.50,,2.75,,1.35,,3.42,,1.20,,5.00,,,,,,,,,,,,,,,,,,,,,,,,,,,,,,,,
italy,serie-b,2023-12-09,Bari,Sudtirol,2,1,Pinnacle,1.97,3.06,5.09,1.97,3.06,5.09,,3.11,,1.41,,2.33,,1.67,,1.97,,1.93,,1.65,,2.35,,1.35,,3.50,,1.25,,4.25,,1.20,,5.01,,,,,,,,,,,,,,3.64,,1.32,,,,,,4.18,,1.26,,,,,,,,,,,,,,,,
italy,serie-b,2023-12-09,Catanzaro,Pisa,2,0,Pinnacle,2.13,3.12,4.20,2.13,3.12,4.20,,3.36,,1.37,,2.52,,1.58,,2.13,,1.80,,1.79,,2.13,,1.46,,2.90,,1.33,,3.52,,1.26,,4.14,,1.18,,5.45,,,,,,,,,,3.84,,1.29,,,,,,4.34,,1.25,,,,,,,,,,,,,,,,
italy,serie-b,2023-12-09,Cittadella,Cosenza,2,0,Pinnacle,2.07,3.10,4.48,2.07,3.10,4.48,,3.24,,1.39,,2.45,,1.61,,2.07,,1.85,,1.74,,2.20,,1.42,,3.09,,1.30,,3.75,,1.24,,4.41,,1.17,,5.67,,,,,,,,,,3.74,,1.31,,,,,,4.24,,1.25,,,,,,,,,,,,,,,,
italy,serie-b,2023-12-09,Cremonese,Venezia,1,0,Pinnacle,2.00,3.42,4.21,2.00,3.42,4.21,,2.93,,1.45,,2.32,,1.68,,2.00,,1.90,,1.71,,2.25,,1.43,,3.02,,1.33,,3.58,,1.26,,4.15,,,,,,,,,,,,,,3.34,,1.36,,,,,,3.77,,1.30,,,,,,,,,,,,,,,,
italy,serie-b,2023-12-09,Sampdoria,Lecco,2,0,Pinnacle,1.85,3.42,5.10,1.85,3.42,5.10,,2.59,,1.56,,2.10,,1.81,,1.85,,2.07,,1.58,,2.52,,1.32,,3.67,,1.25,,4.34,,1.20,,5.02,,,,,,,,,,,,,,2.99,,1.43,,4.21,,1.26,,3.39,,1.35,,,,,,,,,,,,,,,,
italy,serie-b,2023-12-09,Ternana,FeralpiSalo,2,1,Pinnacle,1.80,3.65,5.01,1.80,3.65,5.01,,2.48,,1.60,,2.04,,1.87,,1.79,,2.13,,1.55,,2.59,,1.31,,3.67,,1.25,,4.30,,1.22,,4.74,,,,,,,,,,,,,,2.88,,1.47,,4.14,,1.26,,3.26,,1.37,,,,,,,,,,,,,,,,
